Feature,Importance
is_peak_hour,0.7052627527697602
hour,0.23530633481993962
sequence_number,0.02311056255235592
line_journey_count,0.01846651638946724
is_weekend,0.012315590975640283
days_since_start,0.005538242492836735
