Model,Accuracy,ROC-AUC,Training_Samples,Test_Samples
Logistic Regression,0.9927360774818402,0.9993730407523511,3304,826
Random Forest,0.9878934624697336,0.9993730407523511,3304,826
